pos_id,side,open_time,close_time,pattern,realized_r,mfe_r,mae_r,capture,exit_reason
2,BUY,2023.01.04 10:50:00,2023.01.04 11:30:00,PATTERN_DOUBLE_BOTTOM,-0.8,0.09,0.87,-850.0,SCALP_EXIT_OPPOSITE_PA_REVERSAL
4,SELL,2023.01.05 17:20:00,2023.01.05 17:24:40,PATTERN_DOUBLE_TOP,-1.0,0.25,1.0,-400.0,STOP_LOSS
6,SELL,2023.01.06 13:05:00,2023.01.06 13:11:40,NO_PAT,-1.0,0.25,1.0,-400.0,STOP_LOSS
8,BUY,2023.01.09 13:10:00,2023.01.09 13:45:00,PATTERN_DOUBLE_BOTTOM,1.89,2.71,0.1,69.8,SCALP_EXIT_MOMENTUM_STALL
10,SELL,2023.01.10 17:05:00,2023.01.10 17:27:20,PATTERN_RISING_WEDGE,-1.0,0.25,1.0,-400.0,STOP_LOSS
12,BUY,2023.01.11 10:50:00,2023.01.11 12:14:40,PATTERN_DOUBLE_BOTTOM,-1.0,0.25,1.0,-400.0,STOP_LOSS
14,SELL,2023.01.11 16:50:00,2023.01.11 17:25:00,PATTERN_RISING_WEDGE,1.66,2.65,0.41,62.8,SCALP_EXIT_MOMENTUM_STALL
16,SELL,2023.01.16 18:55:30,2023.01.16 19:20:30,PATTERN_DOUBLE_TOP,-0.93,0.25,0.98,-372.0,SCALP_EXIT_OPPOSITE_PA_REVERSAL
18,BUY,2023.01.17 13:05:00,2023.01.17 15:05:00,PATTERN_DOUBLE_BOTTOM,-0.57,0.98,0.83,-58.6,SCALP_EXIT_OPPOSITE_PA_REVERSAL
20,BUY,2023.01.18 14:25:00,2023.01.18 14:37:40,PATTERN_DOUBLE_BOTTOM,-1.0,0.25,1.0,-400.0,STOP_LOSS
22,SELL,2023.01.18 18:10:00,2023.01.18 20:00:00,PATTERN_RISING_WEDGE,-0.35,0.42,0.52,-84.1,SCALP_EXIT_SESSION_END
24,BUY,2023.01.25 19:15:00,2023.01.25 20:00:00,PATTERN_FALLING_WEDGE,0.29,0.35,0.52,82.8,SCALP_EXIT_SESSION_END
26,SELL,2023.01.26 10:25:00,2023.01.26 10:33:40,NO_PAT,-1.0,0.25,1.0,-400.0,STOP_LOSS
28,SELL,2023.01.27 13:55:00,2023.01.27 14:12:40,PATTERN_DOUBLE_TOP,2.49,2.49,0.0,100.0,TRAILING_STOP
30,SELL,2023.01.31 08:05:00,2023.01.31 08:25:00,PATTERN_DOUBLE_TOP,1.07,1.9,0.05,56.3,SCALP_EXIT_MOMENTUM_STALL
32,BUY,2023.02.01 08:30:00,2023.02.01 11:35:00,PATTERN_DOUBLE_BOTTOM,1.12,1.37,0.06,81.5,SCALP_EXIT_MOMENTUM_STALL
34,BUY,2023.02.01 16:35:00,2023.02.01 17:19:40,PATTERN_DOUBLE_BOTTOM,-1.0,0.25,1.0,-400.0,STOP_LOSS
36,SELL,2023.02.02 10:05:00,2023.02.02 11:14:40,PATTERN_DOUBLE_TOP,0.42,0.42,0.0,100.0,STOP_LOSS
38,BUY,2023.02.03 10:30:00,2023.02.03 11:50:00,PATTERN_DOUBLE_BOTTOM,-0.62,0.85,0.66,-73.5,SCALP_EXIT_OPPOSITE_PA_REVERSAL
40,SELL,2023.02.08 19:10:00,2023.02.08 20:00:00,PATTERN_DOUBLE_TOP,0.56,0.8,0.56,70.4,SCALP_EXIT_SESSION_END
42,SELL,2023.02.14 16:35:00,2023.02.14 18:00:00,PATTERN_DOUBLE_TOP,-0.57,0.15,0.72,-390.0,SCALP_EXIT_OPPOSITE_PA_REVERSAL
44,BUY,2023.02.14 19:00:00,2023.02.14 19:05:40,PATTERN_FALLING_WEDGE,-1.0,0.25,1.0,-400.0,STOP_LOSS
46,SELL,2023.02.16 14:50:00,2023.02.16 15:31:40,PATTERN_DOUBLE_TOP,-1.0,0.25,1.0,-400.0,STOP_LOSS
48,BUY,2023.02.16 16:25:00,2023.02.16 17:08:40,PATTERN_FALLING_WEDGE,0.51,0.51,0.0,100.0,STOP_LOSS
50,SELL,2023.02.21 10:50:00,2023.02.21 12:35:00,PATTERN_DOUBLE_TOP,-0.21,0.54,0.57,-39.7,SCALP_EXIT_OPPOSITE_PA_REVERSAL
52,SELL,2023.02.22 11:35:00,2023.02.22 12:20:00,PATTERN_DOUBLE_TOP,-0.7,0.56,0.74,-124.5,SCALP_EXIT_OPPOSITE_PA_REVERSAL
54,SELL,2023.02.23 16:40:00,2023.02.23 17:34:40,PATTERN_DOUBLE_TOP,0.44,0.44,0.0,100.0,STOP_LOSS
56,BUY,2023.02.28 13:40:00,2023.02.28 14:20:00,PATTERN_DOUBLE_BOTTOM,1.17,2.32,0.29,50.2,SCALP_EXIT_MOMENTUM_STALL
58,BUY,2023.03.03 18:45:00,2023.03.03 20:00:00,NO_PAT,1.97,2.17,0.36,90.5,SCALP_EXIT_SESSION_END
60,SELL,2023.03.07 17:35:00,2023.03.07 19:00:40,NO_PAT,1.48,1.48,0.0,100.0,TRAILING_STOP
62,SELL,2023.03.08 08:50:00,2023.03.08 09:37:40,PATTERN_DOUBLE_TOP,-0.27,0.25,0.27,-108.0,STOP_LOSS
64,BUY,2023.03.09 14:35:00,2023.03.09 15:55:00,PATTERN_DOUBLE_BOTTOM,-0.56,0.68,0.56,-82.8,SCALP_EXIT_OPPOSITE_PA_REVERSAL
66,BUY,2023.03.13 17:15:00,2023.03.13 18:10:00,PATTERN_DOUBLE_BOTTOM,-0.76,0.25,0.78,-16500.0,SCALP_EXIT_OPPOSITE_PA_REVERSAL
68,BUY,2023.03.17 17:10:00,2023.03.17 19:05:00,PATTERN_DOUBLE_BOTTOM,1.14,1.91,0.82,59.6,SCALP_EXIT_MOMENTUM_STALL
70,BUY,2023.03.21 12:35:00,2023.03.21 13:09:40,NO_PAT,-1.0,0.25,1.0,-400.0,STOP_LOSS
72,SELL,2023.03.23 11:10:00,2023.03.23 12:16:40,NO_PAT,-1.0,0.25,1.0,-400.0,STOP_LOSS
74,BUY,2023.03.27 14:25:00,2023.03.27 14:52:20,PATTERN_FALLING_WEDGE,-1.0,0.25,1.0,-400.0,STOP_LOSS
76,BUY,2023.03.28 11:00:00,2023.03.28 12:44:40,PATTERN_DOUBLE_BOTTOM,1.9,1.9,0.0,100.0,TRAILING_STOP
78,BUY,2023.04.04 10:20:00,2023.04.04 10:39:40,NO_PAT,-1.0,0.25,1.0,-400.0,STOP_LOSS
80,SELL,2023.04.10 12:50:00,2023.04.10 14:45:00,PATTERN_DOUBLE_TOP,1.77,2.02,0.15,87.8,SCALP_EXIT_MOMENTUM_STALL
82,BUY,2023.04.12 14:45:00,2023.04.12 14:54:20,PATTERN_DOUBLE_BOTTOM,-1.0,0.25,1.0,-400.0,STOP_LOSS
84,SELL,2023.04.14 16:30:00,2023.04.14 17:23:40,PATTERN_DOUBLE_TOP,-1.0,0.25,1.0,-400.0,STOP_LOSS
86,SELL,2023.04.17 15:15:00,2023.04.17 15:20:40,PATTERN_DOUBLE_TOP,-1.0,0.25,1.0,-400.0,STOP_LOSS
88,SELL,2023.04.17 16:45:00,2023.04.17 17:05:00,NO_PAT,-0.59,0.24,0.59,-241.2,SCALP_EXIT_OPPOSITE_PA_REVERSAL
90,BUY,2023.04.17 18:15:00,2023.04.17 19:45:00,NO_PAT,1.13,1.58,0.15,71.4,SCALP_EXIT_MOMENTUM_STALL
92,BUY,2023.04.20 15:00:00,2023.04.20 15:15:00,PATTERN_FALLING_WEDGE,-0.94,0.05,0.99,-1716.7,SCALP_EXIT_STRUCTURE_BREAK
94,BUY,2023.04.27 11:40:00,2023.04.27 11:45:00,PATTERN_FALLING_WEDGE,-0.82,0.06,0.86,-1283.3,SCALP_EXIT_STRUCTURE_BREAK
96,SELL,2023.05.02 10:40:00,2023.05.02 11:05:00,PATTERN_DOUBLE_TOP,-0.89,0.11,0.9,-841.7,SCALP_EXIT_STRUCTURE_BREAK
98,SELL,2023.05.24 11:00:00,2023.05.24 11:05:40,PATTERN_DOUBLE_TOP,-1.0,0.25,1.0,-400.0,STOP_LOSS
100,SELL,2023.05.30 18:05:00,2023.05.30 19:07:40,PATTERN_DOUBLE_TOP,-1.0,0.25,1.0,-400.0,STOP_LOSS
102,SELL,2023.06.02 15:40:00,2023.06.02 17:10:00,NO_PAT,1.57,2.31,0.11,67.8,SCALP_EXIT_MOMENTUM_STALL
104,BUY,2023.06.05 09:40:00,2023.06.05 09:55:00,PATTERN_DOUBLE_BOTTOM,-0.58,0.25,0.6,-232.0,SCALP_EXIT_OPPOSITE_PA_REVERSAL
106,BUY,2023.06.05 18:50:00,2023.06.05 20:00:00,PATTERN_DOUBLE_BOTTOM,-0.32,0.42,0.52,-77.8,SCALP_EXIT_SESSION_END
108,SELL,2023.06.06 13:45:00,2023.06.06 14:10:00,NO_PAT,-0.45,0.42,0.6,-106.4,SCALP_EXIT_OPPOSITE_PA_REVERSAL
110,BUY,2023.06.08 12:25:00,2023.06.08 12:36:20,PATTERN_DOUBLE_BOTTOM,2.81,2.81,0.0,100.0,TRAILING_STOP
112,SELL,2023.06.09 16:40:00,2023.06.09 17:45:00,PATTERN_DOUBLE_TOP,-0.52,0.11,0.71,-472.7,SCALP_EXIT_OPPOSITE_PA_REVERSAL
114,BUY,2023.06.12 10:35:00,2023.06.12 10:45:00,PATTERN_BULL_RECTANGLE,-0.88,0.25,0.91,-352.0,SCALP_EXIT_STRUCTURE_BREAK
116,BUY,2023.06.21 16:20:00,2023.06.21 18:40:00,PATTERN_DOUBLE_BOTTOM,2.21,2.52,0.1,87.7,SCALP_EXIT_MOMENTUM_STALL
118,SELL,2023.06.23 16:00:00,2023.06.23 17:15:00,PATTERN_RISING_WEDGE,-0.9,0.33,0.9,-273.3,SCALP_EXIT_OPPOSITE_PA_REVERSAL
120,BUY,2023.06.27 13:25:00,2023.06.27 14:01:40,PATTERN_DOUBLE_BOTTOM,-1.0,0.25,1.0,-400.0,STOP_LOSS
122,BUY,2023.07.03 16:55:00,2023.07.03 17:54:40,PATTERN_DOUBLE_BOTTOM,-1.0,0.25,1.0,-400.0,STOP_LOSS
124,SELL,2023.07.05 15:30:00,2023.07.05 17:15:00,PATTERN_RISING_WEDGE,1.69,2.14,0.55,79.1,SCALP_EXIT_MOMENTUM_STALL
126,BUY,2023.07.07 11:35:00,2023.07.07 12:00:00,NO_PAT,-0.82,0.04,0.83,-2175.0,SCALP_EXIT_OPPOSITE_PA_REVERSAL
128,BUY,2023.07.07 15:35:00,2023.07.07 17:10:00,PATTERN_ASCENDING_TRIANGLE,1.46,1.98,0.05,73.8,SCALP_EXIT_MOMENTUM_STALL
130,BUY,2023.07.07 17:55:00,2023.07.07 19:20:00,PATTERN_DOUBLE_BOTTOM,-0.83,0.25,0.84,-332.0,SCALP_EXIT_STRUCTURE_BREAK
132,BUY,2023.07.13 13:35:00,2023.07.13 18:30:00,PATTERN_ASCENDING_TRIANGLE,2.59,2.78,0.53,93.1,SCALP_EXIT_MOMENTUM_STALL
134,BUY,2023.07.17 18:45:00,2023.07.17 20:00:00,PATTERN_DOUBLE_BOTTOM,0.15,0.45,0.39,33.3,SCALP_EXIT_SESSION_END
136,SELL,2023.07.25 09:15:00,2023.07.25 10:10:00,PATTERN_DOUBLE_TOP,1.26,1.55,0.06,81.3,SCALP_EXIT_MOMENTUM_STALL
138,BUY,2023.07.26 16:20:00,2023.07.26 16:33:40,PATTERN_DOUBLE_BOTTOM,-1.0,0.25,1.0,-400.0,STOP_LOSS
140,SELL,2023.07.31 16:10:00,2023.07.31 19:50:00,PATTERN_DOUBLE_TOP,1.09,1.14,0.05,96.0,SCALP_EXIT_MOMENTUM_STALL
142,BUY,2023.08.09 15:10:00,2023.08.09 15:52:40,PATTERN_DOUBLE_BOTTOM,-1.0,0.25,1.0,-400.0,STOP_LOSS
144,BUY,2023.08.17 13:15:00,2023.08.17 14:01:40,PATTERN_DOUBLE_BOTTOM,-1.0,0.25,1.0,-400.0,STOP_LOSS
146,SELL,2023.08.22 11:30:00,2023.08.22 11:54:40,PATTERN_DOUBLE_TOP,-1.0,0.25,1.0,-400.0,STOP_LOSS
148,BUY,2023.08.22 18:05:00,2023.08.22 19:00:00,PATTERN_DOUBLE_BOTTOM,-0.27,0.21,0.38,-128.6,SCALP_EXIT_OPPOSITE_PA_REVERSAL
150,BUY,2023.08.23 16:55:00,2023.08.23 18:17:40,PATTERN_FALLING_WEDGE,-1.0,0.25,1.0,-400.0,STOP_LOSS
152,SELL,2023.08.24 16:50:00,2023.08.24 19:31:40,PATTERN_DOUBLE_TOP,1.03,1.03,0.0,100.0,TRAILING_STOP
154,SELL,2023.09.01 16:40:00,2023.09.01 17:29:20,PATTERN_DOUBLE_TOP,-1.0,0.25,1.0,-400.0,STOP_LOSS
156,SELL,2023.09.12 08:50:00,2023.09.12 09:05:00,NO_PAT,-0.42,0.38,0.44,-108.6,SCALP_EXIT_OPPOSITE_PA_REVERSAL
158,SELL,2023.09.14 08:45:00,2023.09.14 09:55:00,PATTERN_RISING_WEDGE,1.78,2.53,0.41,70.5,SCALP_EXIT_MOMENTUM_STALL
160,SELL,2023.09.15 11:35:00,2023.09.15 12:10:00,PATTERN_DOUBLE_TOP,-0.46,0.19,0.71,-235.7,SCALP_EXIT_OPPOSITE_PA_REVERSAL
162,SELL,2023.09.19 16:30:00,2023.09.19 17:25:00,PATTERN_RISING_WEDGE,-0.96,0.46,0.96,-206.1,SCALP_EXIT_OPPOSITE_PA_REVERSAL
164,BUY,2023.09.20 15:10:00,2023.09.20 16:40:00,PATTERN_FALLING_WEDGE,1.5,1.81,0.87,82.7,SCALP_EXIT_MOMENTUM_STALL
166,BUY,2023.09.21 15:50:00,2023.09.21 17:00:00,PATTERN_DOUBLE_BOTTOM,-0.89,0.04,0.97,-2480.0,SCALP_EXIT_OPPOSITE_PA_REVERSAL
168,SELL,2023.09.27 12:00:00,2023.09.27 12:45:00,PATTERN_RISING_WEDGE,-0.79,0.48,0.93,-165.9,SCALP_EXIT_OPPOSITE_PA_REVERSAL
170,BUY,2023.09.28 14:45:00,2023.09.28 16:03:40,PATTERN_BULL_RECTANGLE,0.84,0.84,0.0,100.0,STOP_LOSS
172,BUY,2023.09.29 09:15:00,2023.09.29 10:40:00,PATTERN_DOUBLE_BOTTOM,-0.35,0.67,0.58,-53.1,SCALP_EXIT_OPPOSITE_PA_REVERSAL
174,SELL,2023.10.02 16:35:00,2023.10.02 17:16:40,PATTERN_DOUBLE_TOP,-1.0,0.25,1.0,-400.0,STOP_LOSS
176,SELL,2023.10.03 12:05:00,2023.10.03 13:05:00,PATTERN_DOUBLE_TOP,-0.24,0.4,0.65,-58.7,SCALP_EXIT_OPPOSITE_PA_REVERSAL
178,SELL,2023.10.03 15:30:00,2023.10.03 16:20:00,PATTERN_DOUBLE_TOP,-0.4,0.55,0.41,-73.2,SCALP_EXIT_OPPOSITE_PA_REVERSAL
180,BUY,2023.10.04 08:00:00,2023.10.04 10:33:40,PATTERN_DOUBLE_BOTTOM,1.17,1.17,0.0,100.0,TRAILING_STOP
182,BUY,2023.10.05 15:35:00,2023.10.05 17:10:00,PATTERN_DOUBLE_BOTTOM,-0.04,0.79,0.45,-5.0,SCALP_EXIT_OPPOSITE_PA_REVERSAL
184,BUY,2023.10.10 15:00:00,2023.10.10 16:18:20,NO_PAT,1.31,1.31,0.0,100.0,TRAILING_STOP
186,SELL,2023.10.12 11:15:00,2023.10.12 12:15:00,PATTERN_DOUBLE_TOP,-0.39,0.22,0.57,-182.4,SCALP_EXIT_OPPOSITE_PA_REVERSAL
188,SELL,2023.10.13 15:40:00,2023.10.13 16:08:40,PATTERN_DOUBLE_TOP,-1.0,0.25,1.0,-400.0,STOP_LOSS
190,BUY,2023.10.17 16:25:00,2023.10.17 16:43:40,PATTERN_DOUBLE_BOTTOM,-1.0,0.25,1.0,-400.0,STOP_LOSS
192,BUY,2023.10.19 14:25:00,2023.10.19 16:00:20,PATTERN_FALLING_WEDGE,-1.0,0.25,1.0,-400.0,STOP_LOSS
194,BUY,2023.10.23 09:05:00,2023.10.23 09:46:40,PATTERN_DOUBLE_BOTTOM,-1.0,0.25,1.0,-400.0,STOP_LOSS
196,SELL,2023.10.25 18:30:00,2023.10.25 20:00:00,PATTERN_DOUBLE_TOP,0.33,0.68,0.55,48.8,SCALP_EXIT_SESSION_END
198,BUY,2023.10.27 10:00:00,2023.10.27 10:25:00,PATTERN_DOUBLE_BOTTOM,-0.93,0.28,0.93,-328.6,SCALP_EXIT_STRUCTURE_BREAK
200,BUY,2023.11.02 13:15:00,2023.11.02 13:18:40,PATTERN_FALLING_WEDGE,-1.0,0.25,1.0,-400.0,STOP_LOSS
202,BUY,2023.11.08 15:30:00,2023.11.08 16:26:40,PATTERN_DOUBLE_BOTTOM,0.98,0.98,0.0,100.0,TRAILING_STOP
204,BUY,2023.11.09 15:45:00,2023.11.09 17:32:40,NO_PAT,-1.0,0.25,1.0,-400.0,STOP_LOSS
206,SELL,2023.11.16 13:00:00,2023.11.16 13:08:40,PATTERN_DOUBLE_TOP,-1.0,0.25,1.0,-400.0,STOP_LOSS
208,BUY,2023.11.23 11:00:00,2023.11.23 11:15:00,PATTERN_FALLING_WEDGE,-0.74,0.01,0.86,-5700.0,SCALP_EXIT_OPPOSITE_PA_REVERSAL
210,BUY,2023.11.24 15:45:00,2023.11.24 16:35:40,PATTERN_DOUBLE_BOTTOM,-1.0,0.25,1.0,-400.0,STOP_LOSS
212,BUY,2023.11.27 10:40:00,2023.11.27 11:40:00,PATTERN_DOUBLE_BOTTOM,-0.5,0.81,0.62,-61.8,SCALP_EXIT_OPPOSITE_PA_REVERSAL
214,BUY,2023.11.29 12:55:00,2023.11.29 13:30:20,PATTERN_DOUBLE_BOTTOM,-1.0,0.25,1.0,-400.0,STOP_LOSS
216,SELL,2023.12.08 12:40:00,2023.12.08 13:30:40,NO_PAT,2.8,2.8,0.0,100.0,TRAILING_STOP
218,BUY,2023.12.12 18:45:00,2023.12.12 19:50:00,PATTERN_DOUBLE_BOTTOM,-0.5,0.15,0.51,-325.0,SCALP_EXIT_OPPOSITE_PA_REVERSAL
220,SELL,2023.12.15 15:40:00,2023.12.15 18:31:40,PATTERN_DOUBLE_TOP,0.73,0.73,0.0,100.0,STOP_LOSS
222,BUY,2023.12.18 14:10:00,2023.12.18 15:10:00,PATTERN_DOUBLE_BOTTOM,-0.63,0.48,0.63,-130.4,SCALP_EXIT_OPPOSITE_PA_REVERSAL
224,BUY,2023.12.19 08:45:00,2023.12.19 10:01:40,PATTERN_ASCENDING_TRIANGLE,0.17,0.17,0.0,100.0,STOP_LOSS
226,BUY,2023.12.19 10:50:00,2023.12.19 11:20:00,NO_PAT,-0.91,0.04,0.96,-2233.3,SCALP_EXIT_OPPOSITE_PA_REVERSAL
228,BUY,2023.12.19 16:40:00,2023.12.19 18:20:00,NO_PAT,-0.94,0.04,0.96,-2100.0,SCALP_EXIT_STRUCTURE_BREAK
230,BUY,2023.12.21 12:20:00,2023.12.21 13:30:40,PATTERN_DOUBLE_BOTTOM,-1.0,0.25,1.0,-400.0,STOP_LOSS
232,BUY,2023.12.27 10:25:00,2023.12.27 12:42:20,PATTERN_DOUBLE_BOTTOM,0.03,0.03,0.0,100.0,STOP_LOSS
234,SELL,2023.12.28 18:00:00,2023.12.28 18:14:40,NO_PAT,2.8,2.8,0.0,100.0,TRAILING_STOP
