pos_id,side,open_time,close_time,open_price,close_price,sl,realized_r,exit_reason,exit_detail,grade,score,pressure,pattern,staircase,t1_r,t2_r,mfe_r,mae_r,capture
2,BUY,2023.01.04 10:50:00,2023.01.04 11:30:00,1.06228,1.06109,1.06079,-0.8,SCALP_EXIT_OPPOSITE_PA_REVERSAL,Strong Reversal with Trend Regime Loss,GRADE_B,66.0,0.55,PATTERN_DOUBLE_BOTTOM,85.0,2.0,1.0,0.09,0.87,-850.0
4,SELL,2023.01.05 17:20:00,2023.01.05 17:24:40,1.05195,1.05296,1.05296,-1.0,STOP_LOSS,,GRADE_A,78.0,0.45,PATTERN_DOUBLE_TOP,85.0,2.0,1.4,0.25,1.0,-400.0
6,SELL,2023.01.06 13:05:00,2023.01.06 13:11:40,1.04911,1.04991,1.04991,-1.0,STOP_LOSS,,GRADE_A,79.0,0.4,NO_PAT,100.0,2.0,2.0,0.25,1.0,-400.0
8,BUY,2023.01.09 13:10:00,2023.01.09 13:45:00,1.06946,1.07203,1.0681,1.89,SCALP_EXIT_MOMENTUM_STALL,Momentum Stall for 7 bars in profit (R=1.87,GRADE_A,78.0,0.45,PATTERN_DOUBLE_BOTTOM,85.0,2.0,0.8,2.71,0.1,69.8
10,SELL,2023.01.10 17:05:00,2023.01.10 17:27:20,1.07321,1.07413,1.07413,-1.0,STOP_LOSS,,GRADE_B,67.0,0.6,PATTERN_RISING_WEDGE,85.0,1.5,2.3,0.25,1.0,-400.0
12,BUY,2023.01.11 10:50:00,2023.01.11 12:14:40,1.07501,1.07376,1.07376,-1.0,STOP_LOSS,,GRADE_B,73.0,0.45,PATTERN_DOUBLE_BOTTOM,85.0,2.0,0.8,0.25,1.0,-400.0
14,SELL,2023.01.11 16:50:00,2023.01.11 17:25:00,1.07546,1.07433,1.07614,1.66,SCALP_EXIT_MOMENTUM_STALL,Momentum Stall for 7 bars in profit (R=1.71,GRADE_A_PLUS,86.0,0.7,PATTERN_RISING_WEDGE,100.0,1.6,2.1,2.65,0.41,62.8
16,SELL,2023.01.16 18:55:30,2023.01.16 19:20:30,1.08118,1.0817,1.08174,-0.93,SCALP_EXIT_OPPOSITE_PA_REVERSAL,Strong Reversal with Trend Regime Loss,GRADE_A,78.0,0.45,PATTERN_DOUBLE_TOP,85.0,2.0,0.7,0.25,0.98,-372.0
18,BUY,2023.01.17 13:05:00,2023.01.17 15:05:00,1.08505,1.08396,1.08315,-0.57,SCALP_EXIT_OPPOSITE_PA_REVERSAL,Strong Reversal with Trend Regime Loss,GRADE_A_PLUS,90.0,0.45,PATTERN_DOUBLE_BOTTOM,90.0,2.0,1.5,0.98,0.83,-58.6
20,BUY,2023.01.18 14:25:00,2023.01.18 14:37:40,1.08832,1.08491,1.08491,-1.0,STOP_LOSS,,GRADE_A_PLUS,90.0,0.45,PATTERN_DOUBLE_BOTTOM,100.0,2.0,1.3,0.25,1.0,-400.0
22,SELL,2023.01.18 18:10:00,2023.01.18 20:00:00,1.07915,1.07952,1.0802,-0.35,SCALP_EXIT_SESSION_END,Session Filter Hours Cutoff,GRADE_A_PLUS,90.0,0.65,PATTERN_RISING_WEDGE,100.0,1.7,1.4,0.42,0.52,-84.1
24,BUY,2023.01.25 19:15:00,2023.01.25 20:00:00,1.09118,1.09142,1.09035,0.29,SCALP_EXIT_SESSION_END,Session Filter Hours Cutoff,GRADE_A_PLUS,90.0,0.5,PATTERN_FALLING_WEDGE,100.0,2.0,1.6,0.35,0.52,82.8
26,SELL,2023.01.26 10:25:00,2023.01.26 10:33:40,1.0896,1.09049,1.09049,-1.0,STOP_LOSS,,GRADE_A,78.0,0.55,NO_PAT,100.0,1.5,2.0,0.25,1.0,-400.0
28,SELL,2023.01.27 13:55:00,2023.01.27 14:12:40,1.08713,1.08481,1.08806,2.49,TRAILING_STOP,,GRADE_A,80.0,0.8,PATTERN_DOUBLE_TOP,75.0,1.6,1.8,2.49,0.0,100.0
30,SELL,2023.01.31 08:05:00,2023.01.31 08:25:00,1.08379,1.08235,1.08514,1.07,SCALP_EXIT_MOMENTUM_STALL,Momentum Stall for 4 bars in profit (R=1.11,GRADE_A,84.0,0.4,PATTERN_DOUBLE_TOP,100.0,2.0,0.9,1.9,0.05,56.3
32,BUY,2023.02.01 08:30:00,2023.02.01 11:35:00,1.08792,1.08933,1.08666,1.12,SCALP_EXIT_MOMENTUM_STALL,Momentum Stall for 37 bars in profit (R=1.11,GRADE_B,72.0,0.4,PATTERN_DOUBLE_BOTTOM,85.0,2.0,1.4,1.37,0.06,81.5
34,BUY,2023.02.01 16:35:00,2023.02.01 17:19:40,1.09217,1.09128,1.09128,-1.0,STOP_LOSS,,GRADE_A_PLUS,93.0,0.65,PATTERN_DOUBLE_BOTTOM,100.0,2.0,2.0,0.25,1.0,-400.0
36,SELL,2023.02.02 10:05:00,2023.02.02 11:14:40,1.09956,1.09902,1.10085,0.42,STOP_LOSS,,GRADE_A,78.0,0.7,PATTERN_DOUBLE_TOP,85.0,1.6,1.3,0.42,0.0,100.0
38,BUY,2023.02.03 10:30:00,2023.02.03 11:50:00,1.09299,1.09249,1.09219,-0.62,SCALP_EXIT_OPPOSITE_PA_REVERSAL,Strong Reversal with Trend Regime Loss,GRADE_A_PLUS,88.0,0.55,PATTERN_DOUBLE_BOTTOM,100.0,1.6,2.2,0.85,0.66,-73.5
40,SELL,2023.02.08 19:10:00,2023.02.08 20:00:00,1.07284,1.07234,1.07373,0.56,SCALP_EXIT_SESSION_END,Session Filter Hours Cutoff,GRADE_B,70.0,0.5,PATTERN_DOUBLE_TOP,75.0,3.9,1.3,0.8,0.56,70.4
42,SELL,2023.02.14 16:35:00,2023.02.14 18:00:00,1.07162,1.07279,1.07366,-0.57,SCALP_EXIT_OPPOSITE_PA_REVERSAL,Strong Reversal with Trend Regime Loss,GRADE_A,85.0,0.45,PATTERN_DOUBLE_TOP,90.0,2.0,1.4,0.15,0.72,-390.0
44,BUY,2023.02.14 19:00:00,2023.02.14 19:05:40,1.07321,1.07268,1.07268,-1.0,STOP_LOSS,,GRADE_A_PLUS,90.0,1.0,PATTERN_FALLING_WEDGE,75.0,3.2,3.3,0.25,1.0,-400.0
46,SELL,2023.02.16 14:50:00,2023.02.16 15:31:40,1.06656,1.0678,1.0678,-1.0,STOP_LOSS,,GRADE_A_PLUS,93.0,0.65,PATTERN_DOUBLE_TOP,100.0,2.0,2.1,0.25,1.0,-400.0
48,BUY,2023.02.16 16:25:00,2023.02.16 17:08:40,1.06741,1.06787,1.06651,0.51,STOP_LOSS,,GRADE_B,73.0,0.8,PATTERN_FALLING_WEDGE,85.0,2.2,2.5,0.51,0.0,100.0
50,SELL,2023.02.21 10:50:00,2023.02.21 12:35:00,1.06533,1.06562,1.06668,-0.21,SCALP_EXIT_OPPOSITE_PA_REVERSAL,Strong Reversal with Trend Regime Loss,GRADE_B,66.0,0.55,PATTERN_DOUBLE_TOP,85.0,2.0,1.2,0.54,0.57,-39.7
52,SELL,2023.02.22 11:35:00,2023.02.22 12:20:00,1.06299,1.0636,1.06386,-0.7,SCALP_EXIT_OPPOSITE_PA_REVERSAL,Strong Reversal with Trend Regime Loss,GRADE_A_PLUS,93.0,0.65,PATTERN_DOUBLE_TOP,90.0,2.0,1.6,0.56,0.74,-124.5
54,SELL,2023.02.23 16:40:00,2023.02.23 17:34:40,1.05893,1.05852,1.05986,0.44,STOP_LOSS,,GRADE_A_PLUS,90.0,0.45,PATTERN_DOUBLE_TOP,90.0,2.0,1.1,0.44,0.0,100.0
56,BUY,2023.02.28 13:40:00,2023.02.28 14:20:00,1.06195,1.063,1.06105,1.17,SCALP_EXIT_MOMENTUM_STALL,Momentum Stall for 8 bars in profit (R=1.16,GRADE_A_PLUS,94.0,0.7,PATTERN_DOUBLE_BOTTOM,90.0,2.0,1.8,2.32,0.29,50.2
58,BUY,2023.03.03 18:45:00,2023.03.03 20:00:00,1.06227,1.06341,1.06169,1.97,SCALP_EXIT_SESSION_END,Session Filter Hours Cutoff,GRADE_A,79.0,0.4,NO_PAT,100.0,2.0,2.0,2.17,0.36,90.5
60,SELL,2023.03.07 17:35:00,2023.03.07 19:00:40,1.05779,1.05587,1.05909,1.48,TRAILING_STOP,,GRADE_B,68.0,0.5,NO_PAT,75.0,2.0,2.0,1.48,0.0,100.0
62,SELL,2023.03.08 08:50:00,2023.03.08 09:37:40,1.05436,1.05455,1.05507,-0.27,STOP_LOSS,,GRADE_A_PLUS,88.0,0.9,PATTERN_DOUBLE_TOP,100.0,1.9,1.3,0.25,0.27,-108.0
64,BUY,2023.03.09 14:35:00,2023.03.09 15:55:00,1.05769,1.05692,1.05632,-0.56,SCALP_EXIT_OPPOSITE_PA_REVERSAL,Strong Reversal with Trend Regime Loss,GRADE_A_PLUS,93.0,0.65,PATTERN_DOUBLE_BOTTOM,100.0,2.0,1.6,0.68,0.56,-82.8
66,BUY,2023.03.13 17:15:00,2023.03.13 18:10:00,1.07479,1.07314,1.07263,-0.76,SCALP_EXIT_OPPOSITE_PA_REVERSAL,Strong Reversal with Trend Regime Loss,GRADE_A_PLUS,90.0,0.45,PATTERN_DOUBLE_BOTTOM,85.0,2.0,1.1,0.25,0.78,-16500.0
68,BUY,2023.03.17 17:10:00,2023.03.17 19:05:00,1.06698,1.06788,1.06619,1.14,SCALP_EXIT_MOMENTUM_STALL,Momentum Stall for 23 bars in profit (R=1.14,GRADE_A_PLUS,93.0,0.65,PATTERN_DOUBLE_BOTTOM,100.0,2.0,2.2,1.91,0.82,59.6
70,BUY,2023.03.21 12:35:00,2023.03.21 13:09:40,1.07791,1.07731,1.07731,-1.0,STOP_LOSS,,GRADE_A,83.0,0.65,NO_PAT,80.0,2.0,2.0,0.25,1.0,-400.0
72,SELL,2023.03.23 11:10:00,2023.03.23 12:16:40,1.08753,1.0883,1.0883,-1.0,STOP_LOSS,,GRADE_A,76.0,0.4,NO_PAT,90.0,1.7,2.0,0.25,1.0,-400.0
74,BUY,2023.03.27 14:25:00,2023.03.27 14:52:20,1.07869,1.07755,1.07755,-1.0,STOP_LOSS,,GRADE_A_PLUS,94.0,0.7,PATTERN_FALLING_WEDGE,100.0,2.0,1.5,0.25,1.0,-400.0
76,BUY,2023.03.28 11:00:00,2023.03.28 12:44:40,1.08228,1.08405,1.08135,1.9,TRAILING_STOP,,GRADE_B,74.0,0.5,PATTERN_DOUBLE_BOTTOM,75.0,2.0,1.4,1.9,0.0,100.0
78,BUY,2023.04.04 10:20:00,2023.04.04 10:39:40,1.09313,1.0921,1.0921,-1.0,STOP_LOSS,,GRADE_A,80.0,0.5,NO_PAT,90.0,2.0,2.0,0.25,1.0,-400.0
80,SELL,2023.04.10 12:50:00,2023.04.10 14:45:00,1.08604,1.08352,1.08746,1.77,SCALP_EXIT_MOMENTUM_STALL,Momentum Stall for 23 bars in profit (R=1.82,GRADE_A_PLUS,91.0,0.55,PATTERN_DOUBLE_TOP,100.0,2.0,2.4,2.02,0.15,87.8
82,BUY,2023.04.12 14:45:00,2023.04.12 14:54:20,1.09907,1.09794,1.09794,-1.0,STOP_LOSS,,GRADE_A_PLUS,91.0,0.55,PATTERN_DOUBLE_BOTTOM,90.0,2.0,2.4,0.25,1.0,-400.0
84,SELL,2023.04.14 16:30:00,2023.04.14 17:23:40,1.09798,1.09878,1.09878,-1.0,STOP_LOSS,,GRADE_A_PLUS,90.0,0.45,PATTERN_DOUBLE_TOP,100.0,2.0,1.2,0.25,1.0,-400.0
86,SELL,2023.04.17 15:15:00,2023.04.17 15:20:40,1.09153,1.0923,1.0923,-1.0,STOP_LOSS,,GRADE_A_PLUS,90.0,0.45,PATTERN_DOUBLE_TOP,100.0,2.0,2.4,0.25,1.0,-400.0
88,SELL,2023.04.17 16:45:00,2023.04.17 17:05:00,1.09137,1.09178,1.09207,-0.59,SCALP_EXIT_OPPOSITE_PA_REVERSAL,Strong Reversal with Trend Regime Loss,GRADE_A,82.0,0.6,NO_PAT,90.0,2.0,2.0,0.24,0.59,-241.2
90,BUY,2023.04.17 18:15:00,2023.04.17 19:45:00,1.09212,1.09272,1.09159,1.13,SCALP_EXIT_MOMENTUM_STALL,Momentum Stall for 18 bars in profit (R=1.17,GRADE_B,74.0,0.4,NO_PAT,100.0,2.2,2.0,1.58,0.15,71.4
92,BUY,2023.04.20 15:00:00,2023.04.20 15:15:00,1.09798,1.09695,1.09688,-0.94,SCALP_EXIT_STRUCTURE_BREAK,Structure Break: Close 1.09695 < HL 1.09710,GRADE_A,78.0,0.5,PATTERN_FALLING_WEDGE,85.0,2.0,1.9,0.05,0.99,-1716.7
94,BUY,2023.04.27 11:40:00,2023.04.27 11:45:00,1.10418,1.10341,1.10324,-0.82,SCALP_EXIT_STRUCTURE_BREAK,Early Inval: Close 1.10340 < HL 1.10351,GRADE_B,66.0,0.5,PATTERN_FALLING_WEDGE,85.0,1.5,1.8,0.06,0.86,-1283.3
96,SELL,2023.05.02 10:40:00,2023.05.02 11:05:00,1.09514,1.09615,1.09628,-0.89,SCALP_EXIT_STRUCTURE_BREAK,Structure Break: Close 1.09609 > LH 1.09603,GRADE_A,79.0,0.55,PATTERN_DOUBLE_TOP,75.0,2.0,1.0,0.11,0.9,-841.7
98,SELL,2023.05.24 11:00:00,2023.05.24 11:05:40,1.0751,1.07584,1.07584,-1.0,STOP_LOSS,,GRADE_A_PLUS,90.0,0.45,PATTERN_DOUBLE_TOP,100.0,2.0,1.8,0.25,1.0,-400.0
100,SELL,2023.05.30 18:05:00,2023.05.30 19:07:40,1.07141,1.07218,1.07218,-1.0,STOP_LOSS,,GRADE_A_PLUS,91.0,0.55,PATTERN_DOUBLE_TOP,100.0,2.3,0.6,0.25,1.0,-400.0
102,SELL,2023.06.02 15:40:00,2023.06.02 17:10:00,1.0725,1.07134,1.07324,1.57,SCALP_EXIT_MOMENTUM_STALL,Momentum Stall for 18 bars in profit (R=1.64,GRADE_A,80.0,0.45,NO_PAT,85.0,2.0,2.0,2.31,0.11,67.8
104,BUY,2023.06.05 09:40:00,2023.06.05 09:55:00,1.06989,1.06927,1.06883,-0.58,SCALP_EXIT_OPPOSITE_PA_REVERSAL,Strong Reversal with Trend Regime Loss,GRADE_A,80.0,0.45,PATTERN_DOUBLE_BOTTOM,100.0,2.3,0.8,0.25,0.6,-232.0
106,BUY,2023.06.05 18:50:00,2023.06.05 20:00:00,1.07145,1.07124,1.0708,-0.32,SCALP_EXIT_SESSION_END,Session Filter Hours Cutoff,GRADE_A,75.0,0.6,PATTERN_DOUBLE_BOTTOM,65.0,2.0,0.7,0.42,0.52,-77.8
108,SELL,2023.06.06 13:45:00,2023.06.06 14:10:00,1.06742,1.06792,1.06853,-0.45,SCALP_EXIT_OPPOSITE_PA_REVERSAL,Strong Reversal with Trend Regime Loss,GRADE_B,67.0,0.4,NO_PAT,85.0,2.0,2.0,0.42,0.6,-106.4
110,BUY,2023.06.08 12:25:00,2023.06.08 12:36:20,1.07374,1.07576,1.07302,2.81,TRAILING_STOP,,GRADE_A_PLUS,92.0,0.6,PATTERN_DOUBLE_BOTTOM,85.0,2.0,1.4,2.81,0.0,100.0
112,SELL,2023.06.09 16:40:00,2023.06.09 17:45:00,1.0745,1.07502,1.0755,-0.52,SCALP_EXIT_OPPOSITE_PA_REVERSAL,Strong Reversal with Trend Regime Loss,GRADE_A_PLUS,91.0,0.55,PATTERN_DOUBLE_TOP,100.0,2.0,0.7,0.11,0.71,-472.7
114,BUY,2023.06.12 10:35:00,2023.06.12 10:45:00,1.07826,1.0776,1.07751,-0.88,SCALP_EXIT_STRUCTURE_BREAK,Early Inval: Close 1.07761 < HL 1.07775,GRADE_A,83.0,0.8,PATTERN_BULL_RECTANGLE,85.0,2.0,1.3,0.25,0.91,-352.0
116,BUY,2023.06.21 16:20:00,2023.06.21 18:40:00,1.09579,1.09857,1.09453,2.21,SCALP_EXIT_MOMENTUM_STALL,Momentum Stall for 28 bars in profit (R=2.21,GRADE_A,78.0,0.45,PATTERN_DOUBLE_BOTTOM,85.0,2.0,0.8,2.52,0.1,87.7
118,SELL,2023.06.23 16:00:00,2023.06.23 17:15:00,1.0886,1.08942,1.08951,-0.9,SCALP_EXIT_OPPOSITE_PA_REVERSAL,Strong Reversal with Trend Regime Loss,GRADE_B,67.0,0.6,PATTERN_RISING_WEDGE,75.0,1.9,1.8,0.33,0.9,-273.3
120,BUY,2023.06.27 13:25:00,2023.06.27 14:01:40,1.09707,1.09557,1.09557,-1.0,STOP_LOSS,,GRADE_A_PLUS,90.0,0.45,PATTERN_DOUBLE_BOTTOM,100.0,2.0,1.2,0.25,1.0,-400.0
122,BUY,2023.07.03 16:55:00,2023.07.03 17:54:40,1.09198,1.09105,1.09105,-1.0,STOP_LOSS,,GRADE_A_PLUS,89.0,0.4,PATTERN_DOUBLE_BOTTOM,100.0,2.0,0.8,0.25,1.0,-400.0
124,SELL,2023.07.05 15:30:00,2023.07.05 17:15:00,1.08733,1.08623,1.08798,1.69,SCALP_EXIT_MOMENTUM_STALL,Momentum Stall for 21 bars in profit (R=1.77,GRADE_A_PLUS,86.0,0.5,PATTERN_RISING_WEDGE,90.0,2.0,2.2,2.14,0.55,79.1
126,BUY,2023.07.07 11:35:00,2023.07.07 12:00:00,1.08961,1.08874,1.08855,-0.82,SCALP_EXIT_OPPOSITE_PA_REVERSAL,Strong Reversal with Trend Regime Loss,GRADE_A,80.0,0.45,NO_PAT,100.0,2.0,2.0,0.04,0.83,-2175.0
128,BUY,2023.07.07 15:35:00,2023.07.07 17:10:00,1.09519,1.09671,1.09415,1.46,SCALP_EXIT_MOMENTUM_STALL,Momentum Stall for 19 bars in profit (R=1.46,GRADE_A_PLUS,93.0,0.65,PATTERN_ASCENDING_TRIANGLE,100.0,2.0,1.1,1.98,0.05,73.8
130,BUY,2023.07.07 17:55:00,2023.07.07 19:20:00,1.09718,1.09655,1.09642,-0.83,SCALP_EXIT_STRUCTURE_BREAK,Structure Break: Close 1.09656 < HL 1.09661,GRADE_A,78.0,0.45,PATTERN_DOUBLE_BOTTOM,85.0,2.0,0.9,0.25,0.84,-332.0
132,BUY,2023.07.13 13:35:00,2023.07.13 18:30:00,1.11863,1.12158,1.11749,2.59,SCALP_EXIT_MOMENTUM_STALL,Momentum Stall for 59 bars in profit (R=2.59,GRADE_A_PLUS,87.0,0.6,PATTERN_ASCENDING_TRIANGLE,100.0,2.0,1.9,2.78,0.53,93.1
134,BUY,2023.07.17 18:45:00,2023.07.17 20:00:00,1.12427,1.12437,1.1236,0.15,SCALP_EXIT_SESSION_END,Session Filter Hours Cutoff,GRADE_A_PLUS,91.0,0.55,PATTERN_DOUBLE_BOTTOM,100.0,2.0,0.7,0.45,0.39,33.3
136,SELL,2023.07.25 09:15:00,2023.07.25 10:10:00,1.10605,1.10449,1.10729,1.26,SCALP_EXIT_MOMENTUM_STALL,Momentum Stall for 11 bars in profit (R=1.31,GRADE_A_PLUS,91.0,0.55,PATTERN_DOUBLE_TOP,100.0,2.0,1.0,1.55,0.06,81.3
138,BUY,2023.07.26 16:20:00,2023.07.26 16:33:40,1.10816,1.10719,1.10719,-1.0,STOP_LOSS,,GRADE_A_PLUS,91.0,0.55,PATTERN_DOUBLE_BOTTOM,100.0,2.0,1.2,0.25,1.0,-400.0
140,SELL,2023.07.31 16:10:00,2023.07.31 19:50:00,1.10148,1.09957,1.10323,1.09,SCALP_EXIT_MOMENTUM_STALL,Momentum Stall for 44 bars in profit (R=1.11,GRADE_A_PLUS,93.0,0.65,PATTERN_DOUBLE_TOP,100.0,2.0,0.8,1.14,0.05,96.0
142,BUY,2023.08.09 15:10:00,2023.08.09 15:52:40,1.09875,1.09753,1.09753,-1.0,STOP_LOSS,,GRADE_B,74.0,0.5,PATTERN_DOUBLE_BOTTOM,85.0,2.0,1.0,0.25,1.0,-400.0
144,BUY,2023.08.17 13:15:00,2023.08.17 14:01:40,1.09144,1.08964,1.08964,-1.0,STOP_LOSS,,GRADE_A_PLUS,90.0,0.45,PATTERN_DOUBLE_BOTTOM,100.0,2.0,1.7,0.25,1.0,-400.0
146,SELL,2023.08.22 11:30:00,2023.08.22 11:54:40,1.08832,1.08901,1.08901,-1.0,STOP_LOSS,,GRADE_A_PLUS,91.0,0.55,PATTERN_DOUBLE_TOP,100.0,2.0,1.4,0.25,1.0,-400.0
148,BUY,2023.08.22 18:05:00,2023.08.22 19:00:00,1.08538,1.0852,1.08472,-0.27,SCALP_EXIT_OPPOSITE_PA_REVERSAL,Strong Reversal with Trend Regime Loss,GRADE_A,82.0,0.5,PATTERN_DOUBLE_BOTTOM,100.0,1.7,1.1,0.21,0.38,-128.6
150,BUY,2023.08.23 16:55:00,2023.08.23 18:17:40,1.08655,1.08585,1.08585,-1.0,STOP_LOSS,,GRADE_A_PLUS,93.0,0.65,PATTERN_FALLING_WEDGE,90.0,2.0,2.1,0.25,1.0,-400.0
152,SELL,2023.08.24 16:50:00,2023.08.24 19:31:40,1.08217,1.08127,1.08304,1.03,TRAILING_STOP,,GRADE_A,78.0,0.45,PATTERN_DOUBLE_TOP,85.0,2.0,0.8,1.03,0.0,100.0
154,SELL,2023.09.01 16:40:00,2023.09.01 17:29:20,1.07803,1.07889,1.07889,-1.0,STOP_LOSS,,GRADE_A_PLUS,91.0,0.55,PATTERN_DOUBLE_TOP,100.0,2.0,1.4,0.25,1.0,-400.0
156,SELL,2023.09.12 08:50:00,2023.09.12 09:05:00,1.07172,1.0721,1.07263,-0.42,SCALP_EXIT_OPPOSITE_PA_REVERSAL,Strong Reversal with Trend Regime Loss,GRADE_A,81.0,0.55,NO_PAT,100.0,2.0,2.0,0.38,0.44,-108.6
158,SELL,2023.09.14 08:45:00,2023.09.14 09:55:00,1.07377,1.07286,1.07428,1.78,SCALP_EXIT_MOMENTUM_STALL,Momentum Stall for 14 bars in profit (R=1.92,GRADE_A_PLUS,86.0,0.9,PATTERN_RISING_WEDGE,75.0,4.2,1.8,2.53,0.41,70.5
160,SELL,2023.09.15 11:35:00,2023.09.15 12:10:00,1.06547,1.0658,1.06619,-0.46,SCALP_EXIT_OPPOSITE_PA_REVERSAL,Strong Reversal with Trend Regime Loss,GRADE_A,85.0,0.45,PATTERN_DOUBLE_TOP,100.0,2.0,1.2,0.19,0.71,-235.7
162,SELL,2023.09.19 16:30:00,2023.09.19 17:25:00,1.06819,1.06887,1.0689,-0.96,SCALP_EXIT_OPPOSITE_PA_REVERSAL,Strong Reversal with Trend Regime Loss,GRADE_A_PLUS,92.0,0.6,PATTERN_RISING_WEDGE,100.0,2.0,1.1,0.46,0.96,-206.1
164,BUY,2023.09.20 15:10:00,2023.09.20 16:40:00,1.07209,1.07338,1.07123,1.5,SCALP_EXIT_MOMENTUM_STALL,Momentum Stall for 18 bars in profit (R=1.50,GRADE_A,82.0,0.7,PATTERN_FALLING_WEDGE,85.0,2.0,1.5,1.81,0.87,82.7
166,BUY,2023.09.21 15:50:00,2023.09.21 17:00:00,1.06679,1.06555,1.0654,-0.89,SCALP_EXIT_OPPOSITE_PA_REVERSAL,Strong Reversal with Trend Regime Loss,GRADE_A,81.0,0.55,PATTERN_DOUBLE_BOTTOM,85.0,2.8,0.9,0.04,0.97,-2480.0
168,SELL,2023.09.27 12:00:00,2023.09.27 12:45:00,1.05394,1.05462,1.0548,-0.79,SCALP_EXIT_OPPOSITE_PA_REVERSAL,Strong Reversal with Trend Regime Loss,GRADE_A_PLUS,91.0,0.55,PATTERN_RISING_WEDGE,90.0,2.0,2.8,0.48,0.93,-165.9
170,BUY,2023.09.28 14:45:00,2023.09.28 16:03:40,1.05579,1.05709,1.05424,0.84,STOP_LOSS,,GRADE_A_PLUS,86.0,0.55,PATTERN_BULL_RECTANGLE,100.0,2.0,0.8,0.84,0.0,100.0
172,BUY,2023.09.29 09:15:00,2023.09.29 10:40:00,1.06103,1.06069,1.06007,-0.35,SCALP_EXIT_OPPOSITE_PA_REVERSAL,Strong Reversal with Trend Regime Loss,GRADE_A,79.0,0.55,PATTERN_DOUBLE_BOTTOM,85.0,2.0,1.6,0.67,0.58,-53.1
174,SELL,2023.10.02 16:35:00,2023.10.02 17:16:40,1.04925,1.05012,1.05012,-1.0,STOP_LOSS,,GRADE_A_PLUS,93.0,0.65,PATTERN_DOUBLE_TOP,100.0,2.0,1.8,0.25,1.0,-400.0
176,SELL,2023.10.03 12:05:00,2023.10.03 13:05:00,1.04687,1.04724,1.04843,-0.24,SCALP_EXIT_OPPOSITE_PA_REVERSAL,Strong Reversal with Trend Regime Loss,GRADE_A,78.0,0.45,PATTERN_DOUBLE_TOP,85.0,2.0,0.9,0.4,0.65,-58.7
178,SELL,2023.10.03 15:30:00,2023.10.03 16:20:00,1.04597,1.04679,1.04801,-0.4,SCALP_EXIT_OPPOSITE_PA_REVERSAL,Strong Reversal with Trend Regime Loss,GRADE_B,68.0,0.65,PATTERN_DOUBLE_TOP,85.0,2.0,1.2,0.55,0.41,-73.2
180,BUY,2023.10.04 08:00:00,2023.10.04 10:33:40,1.04848,1.05052,1.04674,1.17,TRAILING_STOP,,GRADE_A,79.0,0.55,PATTERN_DOUBLE_BOTTOM,85.0,2.0,1.7,1.17,0.0,100.0
182,BUY,2023.10.05 15:35:00,2023.10.05 17:10:00,1.05296,1.05291,1.0517,-0.04,SCALP_EXIT_OPPOSITE_PA_REVERSAL,Strong Reversal with Trend Regime Loss,GRADE_A,80.0,0.6,PATTERN_DOUBLE_BOTTOM,85.0,2.0,1.2,0.79,0.45,-5.0
184,BUY,2023.10.10 15:00:00,2023.10.10 16:18:20,1.05973,1.06121,1.0586,1.31,TRAILING_STOP,,GRADE_B,73.0,0.8,NO_PAT,85.0,2.0,2.0,1.31,0.0,100.0
186,SELL,2023.10.12 11:15:00,2023.10.12 12:15:00,1.06159,1.0619,1.06238,-0.39,SCALP_EXIT_OPPOSITE_PA_REVERSAL,Strong Reversal with Trend Regime Loss,GRADE_A_PLUS,87.0,0.45,PATTERN_DOUBLE_TOP,100.0,3.2,1.5,0.22,0.57,-182.4
188,SELL,2023.10.13 15:40:00,2023.10.13 16:08:40,1.05013,1.0508,1.0508,-1.0,STOP_LOSS,,GRADE_A_PLUS,94.0,0.7,PATTERN_DOUBLE_TOP,90.0,2.0,1.9,0.25,1.0,-400.0
190,BUY,2023.10.17 16:25:00,2023.10.17 16:43:40,1.05925,1.05827,1.05827,-1.0,STOP_LOSS,,GRADE_A_PLUS,90.0,0.45,PATTERN_DOUBLE_BOTTOM,100.0,2.0,1.0,0.25,1.0,-400.0
192,BUY,2023.10.19 14:25:00,2023.10.19 16:00:20,1.05738,1.05636,1.05636,-1.0,STOP_LOSS,,GRADE_A,82.0,0.7,PATTERN_FALLING_WEDGE,85.0,2.0,1.7,0.25,1.0,-400.0
194,BUY,2023.10.23 09:05:00,2023.10.23 09:46:40,1.06073,1.0596,1.0596,-1.0,STOP_LOSS,,GRADE_A_PLUS,90.0,0.45,PATTERN_DOUBLE_BOTTOM,100.0,2.0,1.0,0.25,1.0,-400.0
196,SELL,2023.10.25 18:30:00,2023.10.25 20:00:00,1.05702,1.05682,1.05762,0.33,SCALP_EXIT_SESSION_END,Session Filter Hours Cutoff,GRADE_A,83.0,0.8,PATTERN_DOUBLE_TOP,75.0,2.0,1.3,0.68,0.55,48.8
198,BUY,2023.10.27 10:00:00,2023.10.27 10:25:00,1.05647,1.05578,1.05573,-0.93,SCALP_EXIT_STRUCTURE_BREAK,Structure Break: Close 1.05578 < HL 1.05600,GRADE_A,80.0,0.6,PATTERN_DOUBLE_BOTTOM,75.0,2.0,0.7,0.28,0.93,-328.6
200,BUY,2023.11.02 13:15:00,2023.11.02 13:18:40,1.06646,1.06542,1.06542,-1.0,STOP_LOSS,,GRADE_A_PLUS,91.0,0.55,PATTERN_FALLING_WEDGE,100.0,2.0,2.5,0.25,1.0,-400.0
202,BUY,2023.11.08 15:30:00,2023.11.08 16:26:40,1.06927,1.07056,1.06796,0.98,TRAILING_STOP,,GRADE_A_PLUS,91.0,0.55,PATTERN_DOUBLE_BOTTOM,100.0,2.0,1.0,0.98,0.0,100.0
204,BUY,2023.11.09 15:45:00,2023.11.09 17:32:40,1.07154,1.07045,1.07045,-1.0,STOP_LOSS,,GRADE_B,70.0,0.6,NO_PAT,85.0,2.0,2.0,0.25,1.0,-400.0
206,SELL,2023.11.16 13:00:00,2023.11.16 13:08:40,1.08425,1.08495,1.08495,-1.0,STOP_LOSS,,GRADE_A_PLUS,91.0,0.55,PATTERN_DOUBLE_TOP,100.0,2.0,1.4,0.25,1.0,-400.0
208,BUY,2023.11.23 11:00:00,2023.11.23 11:15:00,1.09194,1.09137,1.09117,-0.74,SCALP_EXIT_OPPOSITE_PA_REVERSAL,Strong Reversal with Trend Regime Loss,GRADE_A_PLUS,95.0,0.8,PATTERN_FALLING_WEDGE,100.0,2.0,1.2,0.01,0.86,-5700.0
210,BUY,2023.11.24 15:45:00,2023.11.24 16:35:40,1.0941,1.09312,1.09312,-1.0,STOP_LOSS,,GRADE_A_PLUS,93.0,0.65,PATTERN_DOUBLE_BOTTOM,100.0,2.0,1.1,0.25,1.0,-400.0
212,BUY,2023.11.27 10:40:00,2023.11.27 11:40:00,1.09507,1.09473,1.09439,-0.5,SCALP_EXIT_OPPOSITE_PA_REVERSAL,Strong Reversal with Trend Regime Loss,GRADE_A_PLUS,86.0,0.5,PATTERN_DOUBLE_BOTTOM,100.0,2.0,1.0,0.81,0.62,-61.8
214,BUY,2023.11.29 12:55:00,2023.11.29 13:30:20,1.0988,1.09776,1.09776,-1.0,STOP_LOSS,,GRADE_B,73.0,0.45,PATTERN_DOUBLE_BOTTOM,85.0,2.1,0.9,0.25,1.0,-400.0
216,SELL,2023.12.08 12:40:00,2023.12.08 13:30:40,1.07831,1.07677,1.07886,2.8,TRAILING_STOP,,GRADE_B,65.0,0.8,NO_PAT,85.0,1.9,2.0,2.8,0.0,100.0
218,BUY,2023.12.12 18:45:00,2023.12.12 19:50:00,1.0794,1.07888,1.07836,-0.5,SCALP_EXIT_OPPOSITE_PA_REVERSAL,Strong Reversal with Trend Regime Loss,GRADE_A,79.0,0.4,PATTERN_DOUBLE_BOTTOM,85.0,2.7,1.2,0.15,0.51,-325.0
220,SELL,2023.12.15 15:40:00,2023.12.15 18:31:40,1.0912,1.09028,1.09246,0.73,STOP_LOSS,,GRADE_A,78.0,0.45,PATTERN_DOUBLE_TOP,85.0,2.0,1.1,0.73,0.0,100.0
222,BUY,2023.12.18 14:10:00,2023.12.18 15:10:00,1.09264,1.09204,1.09169,-0.63,SCALP_EXIT_OPPOSITE_PA_REVERSAL,Strong Reversal with Trend Regime Loss,GRADE_A_PLUS,88.0,0.55,PATTERN_DOUBLE_BOTTOM,75.0,1.7,1.5,0.48,0.63,-130.4
224,BUY,2023.12.19 08:45:00,2023.12.19 10:01:40,1.09362,1.09377,1.09272,0.17,STOP_LOSS,,GRADE_B,72.0,0.4,PATTERN_ASCENDING_TRIANGLE,85.0,2.0,1.1,0.17,0.0,100.0
226,BUY,2023.12.19 10:50:00,2023.12.19 11:20:00,1.09404,1.09337,1.0933,-0.91,SCALP_EXIT_OPPOSITE_PA_REVERSAL,Strong Reversal with Trend Regime Loss,GRADE_A,77.0,0.6,NO_PAT,100.0,2.0,2.0,0.04,0.96,-2233.3
228,BUY,2023.12.19 16:40:00,2023.12.19 18:20:00,1.09804,1.09699,1.09692,-0.94,SCALP_EXIT_STRUCTURE_BREAK,Structure Break: Close 1.09699 < HL 1.09719,GRADE_B,70.0,0.6,NO_PAT,75.0,2.0,2.0,0.04,0.96,-2100.0
230,BUY,2023.12.21 12:20:00,2023.12.21 13:30:40,1.09819,1.09732,1.09732,-1.0,STOP_LOSS,,GRADE_A_PLUS,88.0,0.65,PATTERN_DOUBLE_BOTTOM,100.0,2.0,2.3,0.25,1.0,-400.0
232,BUY,2023.12.27 10:25:00,2023.12.27 12:42:20,1.10567,1.1057,1.10476,0.03,STOP_LOSS,,GRADE_A_PLUS,91.0,0.55,PATTERN_DOUBLE_BOTTOM,100.0,2.0,0.6,0.03,0.0,100.0
234,SELL,2023.12.28 18:00:00,2023.12.28 18:14:40,1.10735,1.1057,1.10794,2.8,TRAILING_STOP,,GRADE_A,82.0,0.6,NO_PAT,90.0,2.0,2.0,2.8,0.0,100.0
