PosID,EntryTime,ExitTime,Type,Lot,EntryPrice,ExitPrice,PnL_Points,PnL_USD,DurationMinutes,ExitReason
2,2023.01.09 08:55:00,2023.01.09 10:29:40,buy,0.32,1.21652,1.21342,-310.0,-99.20,94.7,SCALP_EXIT_DYNAMIC
4,2023.01.11 16:55:00,2023.01.11 17:07:40,sell,1.06,1.21336,1.2115,186.0,197.16,12.7,SCALP_EXIT_DYNAMIC
6,2023.01.12 17:00:00,2023.01.12 17:45:00,buy,0.41,1.21807,1.22084,277.0,113.57,45.0,SCALP_EXIT_MOMENTUM_STALL
8,2023.01.17 09:05:00,2023.01.17 09:25:00,buy,0.53,1.22253,1.22113,-140.0,-74.20,20.0,SCALP_EXIT_OPPOSITE_PA_REVERSAL
10,2023.01.18 08:25:00,2023.01.18 10:10:00,buy,0.45,1.23295,1.23481,186.0,83.70,105.0,SCALP_EXIT_MOMENTUM_STALL
12,2023.01.19 18:00:00,2023.01.19 20:00:00,buy,0.65,1.2373,1.23914,184.0,119.60,120.0,SCALP_EXIT_SESSION_END
14,2023.01.23 14:35:00,2023.01.23 14:50:00,sell,0.82,1.23389,1.23483,-94.0,-77.08,15.0,SCALP_EXIT_OPPOSITE_PA_REVERSAL
16,2023.01.27 18:35:00,2023.01.27 18:49:40,buy,1.31,1.23861,1.23918,57.0,74.67,14.7,SCALP_EXIT_SR_WALL_REACHED
18,2023.01.30 19:10:00,2023.01.30 19:39:40,sell,0.92,1.23511,1.23461,50.0,46.00,29.7,SCALP_EXIT_DYNAMIC
20,2023.02.03 12:30:00,2023.02.03 12:45:40,buy,1.13,1.22594,1.22503,-91.0,-102.83,15.7,SCALP_EXIT_DYNAMIC
22,2023.02.06 13:45:00,2023.02.06 13:53:40,buy,0.73,1.20598,1.20458,-140.0,-102.20,8.7,SCALP_EXIT_DYNAMIC
24,2023.02.08 09:05:00,2023.02.08 10:02:40,buy,0.69,1.20898,1.20986,88.0,60.72,57.7,SCALP_EXIT_DYNAMIC
26,2023.02.15 14:25:00,2023.02.15 16:05:00,sell,0.2,1.19965,1.2015,-185.0,-37.00,100.0,SCALP_EXIT_OPPOSITE_PA_REVERSAL
28,2023.02.21 16:35:00,2023.02.21 16:39:20,buy,0.98,1.21224,1.21121,-103.0,-100.94,4.3,SCALP_EXIT_DYNAMIC
30,2023.02.21 19:10:00,2023.02.21 19:35:00,sell,1.24,1.21023,1.21085,-62.0,-76.88,25.0,SCALP_EXIT_OPPOSITE_PA_REVERSAL
32,2023.02.27 15:05:00,2023.02.27 15:19:40,buy,0.85,1.20238,1.20472,234.0,198.90,14.7,SCALP_EXIT_DYNAMIC
34,2023.02.27 18:50:00,2023.02.27 19:21:40,buy,1.06,1.20544,1.20577,33.0,34.98,31.7,SCALP_EXIT_DYNAMIC
36,2023.03.01 15:00:00,2023.03.01 15:38:40,sell,0.36,1.20105,1.20015,90.0,32.40,38.7,SCALP_EXIT_DYNAMIC
38,2023.03.09 14:35:00,2023.03.09 15:51:20,buy,0.59,1.19162,1.19087,-75.0,-44.25,76.3,SCALP_EXIT_DYNAMIC
40,2023.03.10 14:30:00,2023.03.10 15:36:20,buy,0.22,1.20497,1.20893,396.0,87.12,66.3,SCALP_EXIT_DYNAMIC
42,2023.03.14 18:25:00,2023.03.14 20:00:00,buy,0.79,1.21746,1.2178,34.0,26.86,95.0,SCALP_EXIT_SESSION_END
44,2023.03.17 15:15:00,2023.03.17 15:55:00,buy,0.63,1.21535,1.21416,-119.0,-74.97,40.0,SCALP_EXIT_OPPOSITE_PA_REVERSAL
46,2023.03.17 18:35:00,2023.03.17 19:53:40,buy,0.72,1.21888,1.21746,-142.0,-102.24,78.7,SCALP_EXIT_DYNAMIC
48,2023.03.20 12:40:00,2023.03.20 14:12:20,buy,0.39,1.22398,1.22469,71.0,27.69,92.3,SCALP_EXIT_DYNAMIC
50,2023.03.20 14:55:00,2023.03.20 15:50:40,buy,1.19,1.22468,1.22573,105.0,124.95,55.7,SCALP_EXIT_SR_WALL_REACHED
52,2023.03.27 08:05:00,2023.03.27 09:10:00,buy,0.52,1.22415,1.22619,204.0,106.08,65.0,SCALP_EXIT_MOMENTUM_STALL
54,2023.03.28 12:20:00,2023.03.28 12:44:40,buy,1.08,1.2325,1.23154,-96.0,-103.68,24.7,SCALP_EXIT_DYNAMIC
56,2023.03.28 16:55:00,2023.03.28 18:17:40,buy,1.18,1.23407,1.2332,-87.0,-102.66,82.7,SCALP_EXIT_DYNAMIC
58,2023.03.29 14:55:00,2023.03.29 15:34:40,sell,0.86,1.23163,1.23281,-118.0,-101.48,39.7,SCALP_EXIT_DYNAMIC
60,2023.03.30 18:25:00,2023.03.30 20:00:00,buy,0.92,1.23863,1.23895,32.0,29.44,95.0,SCALP_EXIT_SESSION_END
