Month,Trades,Wins,Losses,WinRate_Pct,GrossProfit_USD,GrossLoss_USD,NetPnL_USD,ProfitFactor
2023.01,19,7,12,36.8,778.29,887.56,-109.27,0.88
2023.02,13,7,6,53.8,671.95,480.15,191.80,1.40
2023.03,13,7,6,53.8,1030.52,472.50,558.02,2.18
2023.04,9,3,6,33.3,324.25,575.99,-251.74,0.56
2023.05,5,1,4,20.0,101.92,392.62,-290.70,0.26
2023.06,10,4,6,40.0,628.24,379.86,248.38,1.65
2023.07,10,6,4,60.0,696.43,372.23,324.20,1.87
2023.08,10,2,8,20.0,192.58,687.63,-495.05,0.28
2023.09,14,4,10,28.6,397.61,587.38,-189.77,0.68
2023.10,13,3,10,23.1,265.28,720.25,-454.97,0.37
2023.11,9,2,7,22.2,169.81,561.51,-391.70,0.30
2023.12,10,5,5,50.0,397.04,349.90,47.14,1.13
