PosID,EntryTime,ExitTime,Type,Lot,EntryPrice,ExitPrice,PnL_Points,PnL_USD,DurationMinutes,ExitReason,Trailed
2,2023.01.05 17:20:00,2023.01.05 17:24:40,sell,0.99,1.05195,1.05296,-101.0,-99.99,4.7,SCALP_EXIT_STOP_LOSS,False
4,2023.01.06 13:05:00,2023.01.06 13:11:40,sell,1.23,1.04911,1.04991,-80.0,-98.40,6.7,SCALP_EXIT_STOP_LOSS,False
6,2023.01.09 13:10:00,2023.01.09 13:27:40,buy,0.72,1.06946,1.07218,272.0,195.84,17.7,SCALP_EXIT_TAKE_PROFIT,True
8,2023.01.09 14:00:00,2023.01.09 14:25:40,buy,0.84,1.07256,1.07138,-118.0,-99.12,25.7,SCALP_EXIT_STOP_LOSS,False
10,2023.01.11 10:50:00,2023.01.11 12:14:40,buy,0.79,1.07501,1.07376,-125.0,-98.75,84.7,SCALP_EXIT_STOP_LOSS,False
12,2023.01.11 16:50:00,2023.01.11 16:56:40,sell,1.43,1.07546,1.07457,89.0,127.27,6.7,SCALP_EXIT_SR_WALL_REACHED,False
14,2023.01.16 18:55:30,2023.01.16 19:20:30,sell,1.76,1.08118,1.0817,-52.0,-91.52,25.0,SCALP_EXIT_OPPOSITE_PA_REVERSAL,False
16,2023.01.17 09:45:00,2023.01.17 10:28:40,sell,0.96,1.08176,1.08096,80.0,76.80,43.7,SCALP_EXIT_SR_WALL_REACHED,False
18,2023.01.17 13:05:00,2023.01.17 15:05:00,buy,0.52,1.08505,1.08396,-109.0,-56.68,120.0,SCALP_EXIT_OPPOSITE_PA_REVERSAL,False
20,2023.01.18 14:25:00,2023.01.18 14:37:40,buy,0.28,1.08832,1.08491,-341.0,-95.48,12.7,SCALP_EXIT_STOP_LOSS,False
22,2023.01.18 18:10:00,2023.01.18 20:00:00,sell,0.92,1.07915,1.07952,-37.0,-34.04,110.0,SCALP_EXIT_SESSION_END,False
24,2023.01.23 17:00:00,2023.01.23 17:10:00,buy,1.31,1.08641,1.08575,-66.0,-86.46,10.0,SCALP_EXIT_STRUCTURE_BREAK,False
26,2023.01.25 19:15:00,2023.01.25 20:00:00,buy,1.15,1.09118,1.09142,24.0,27.60,45.0,SCALP_EXIT_SESSION_END,False
28,2023.01.26 10:25:00,2023.01.26 10:33:40,sell,1.08,1.0896,1.09049,-89.0,-96.12,8.7,SCALP_EXIT_STOP_LOSS,False
30,2023.01.26 17:00:00,2023.01.26 17:24:40,sell,1.64,1.08648,1.08584,64.0,104.96,24.7,SCALP_EXIT_SR_WALL_REACHED,False
32,2023.01.26 19:25:00,2023.01.26 20:00:00,buy,0.94,1.08897,1.08888,-9.0,-8.46,35.0,SCALP_EXIT_SESSION_END,False
34,2023.01.27 13:55:00,2023.01.27 14:10:40,sell,1.03,1.08713,1.08575,138.0,142.14,15.7,SCALP_EXIT_SR_WALL_REACHED,True
36,2023.01.27 19:20:00,2023.01.27 20:00:00,buy,0.98,1.08707,1.08684,-23.0,-22.54,40.0,SCALP_EXIT_SESSION_END,False
38,2023.01.31 08:05:00,2023.01.31 08:25:00,sell,0.72,1.08379,1.08235,144.0,103.68,20.0,SCALP_EXIT_MOMENTUM_STALL,True
40,2023.02.01 08:30:00,2023.02.01 11:35:00,buy,0.78,1.08792,1.08933,141.0,109.98,185.0,SCALP_EXIT_MOMENTUM_STALL,True
42,2023.02.01 16:35:00,2023.02.01 17:19:40,buy,1.11,1.09217,1.09128,-89.0,-98.79,44.7,SCALP_EXIT_STOP_LOSS,False
44,2023.02.02 10:05:00,2023.02.02 11:14:40,sell,0.76,1.09956,1.09902,54.0,41.04,69.7,SCALP_EXIT_TRAILING_STOP,True
46,2023.02.03 10:30:00,2023.02.03 11:50:00,buy,1.23,1.09299,1.09249,-50.0,-61.50,80.0,SCALP_EXIT_OPPOSITE_PA_REVERSAL,False
48,2023.02.10 11:05:00,2023.02.10 11:23:20,sell,1.32,1.07066,1.07004,62.0,81.84,18.3,SCALP_EXIT_SR_WALL_REACHED,False
50,2023.02.14 16:35:00,2023.02.14 18:00:00,sell,0.48,1.07162,1.07279,-117.0,-56.16,85.0,SCALP_EXIT_OPPOSITE_PA_REVERSAL,False
52,2023.02.14 19:00:00,2023.02.14 19:05:40,buy,1.85,1.07321,1.07268,-53.0,-98.05,5.7,SCALP_EXIT_STOP_LOSS,False
54,2023.02.16 14:50:00,2023.02.16 15:31:40,sell,0.78,1.06656,1.0678,-124.0,-96.72,41.7,SCALP_EXIT_STOP_LOSS,False
56,2023.02.16 16:25:00,2023.02.16 16:49:40,buy,1.07,1.06741,1.06908,167.0,178.69,24.7,SCALP_EXIT_SR_WALL_REACHED,False
58,2023.02.21 11:50:00,2023.02.21 12:31:40,sell,1.53,1.06571,1.06556,15.0,22.95,41.7,SCALP_EXIT_TRAILING_STOP,False
60,2023.02.22 11:35:00,2023.02.22 12:20:00,sell,1.13,1.06299,1.0636,-61.0,-68.93,45.0,SCALP_EXIT_OPPOSITE_PA_REVERSAL,False
62,2023.02.23 16:40:00,2023.02.23 17:34:40,sell,1.05,1.05893,1.05852,41.0,43.05,54.7,SCALP_EXIT_TRAILING_STOP,True
64,2023.02.28 13:40:00,2023.02.28 14:04:20,buy,1.08,1.06195,1.06375,180.0,194.40,24.3,SCALP_EXIT_TAKE_PROFIT,True
66,2023.03.03 18:45:00,2023.03.03 19:45:00,buy,1.72,1.06227,1.06282,55.0,94.60,60.0,SCALP_EXIT_MOMENTUM_STALL,True
68,2023.03.07 17:35:00,2023.03.07 19:00:40,sell,0.77,1.05779,1.05587,192.0,147.84,85.7,SCALP_EXIT_TRAILING_STOP,True
70,2023.03.08 08:50:00,2023.03.08 09:37:40,sell,1.44,1.05436,1.05455,-19.0,-27.36,47.7,SCALP_EXIT_TRAILING_STOP,True
72,2023.03.09 14:35:00,2023.03.09 15:55:00,buy,0.74,1.05769,1.05692,-77.0,-56.98,80.0,SCALP_EXIT_OPPOSITE_PA_REVERSAL,False
74,2023.03.13 17:15:00,2023.03.13 18:10:00,buy,0.46,1.07479,1.07314,-165.0,-75.90,55.0,SCALP_EXIT_OPPOSITE_PA_REVERSAL,False
76,2023.03.15 09:05:00,2023.03.15 09:28:40,sell,0.72,1.07267,1.07081,186.0,133.92,23.7,SCALP_EXIT_SR_WALL_REACHED,True
78,2023.03.15 14:00:00,2023.03.15 14:05:40,sell,0.84,1.05449,1.05298,151.0,126.84,5.7,SCALP_EXIT_SR_WALL_REACHED,False
80,2023.03.17 17:10:00,2023.03.17 19:05:00,buy,1.3,1.06698,1.06788,90.0,117.00,115.0,SCALP_EXIT_MOMENTUM_STALL,True
82,2023.03.21 12:35:00,2023.03.21 13:09:40,buy,1.73,1.07791,1.07731,-60.0,-103.80,34.7,SCALP_EXIT_STOP_LOSS,False
84,2023.03.22 17:35:00,2023.03.22 18:00:40,buy,1.39,1.07945,1.08093,148.0,205.72,25.7,SCALP_EXIT_TAKE_PROFIT,False
86,2023.03.23 11:10:00,2023.03.23 12:16:40,sell,1.36,1.08753,1.0883,-77.0,-104.72,66.7,SCALP_EXIT_STOP_LOSS,False
88,2023.03.27 14:25:00,2023.03.27 14:52:20,buy,0.91,1.07869,1.07755,-114.0,-103.74,27.3,SCALP_EXIT_STOP_LOSS,False
90,2023.03.28 11:00:00,2023.03.28 12:10:40,buy,1.1,1.08228,1.08414,186.0,204.60,70.7,SCALP_EXIT_TAKE_PROFIT,True
92,2023.04.04 10:20:00,2023.04.04 10:39:40,buy,1.02,1.09313,1.0921,-103.0,-105.06,19.7,SCALP_EXIT_STOP_LOSS,False
94,2023.04.04 19:55:00,2023.04.04 20:00:00,buy,1.13,1.09569,1.0957,1.0,1.13,5.0,SCALP_EXIT_SESSION_END,False
96,2023.04.10 12:50:00,2023.04.10 14:32:40,sell,0.73,1.08604,1.0832,284.0,207.32,102.7,SCALP_EXIT_TAKE_PROFIT,True
98,2023.04.12 14:45:00,2023.04.12 14:54:20,buy,0.93,1.09907,1.09794,-113.0,-105.09,9.3,SCALP_EXIT_STOP_LOSS,False
100,2023.04.14 16:30:00,2023.04.14 17:23:40,sell,1.31,1.09798,1.09878,-80.0,-104.80,53.7,SCALP_EXIT_STOP_LOSS,False
102,2023.04.17 15:15:00,2023.04.17 15:20:40,sell,1.35,1.09153,1.0923,-77.0,-103.95,5.7,SCALP_EXIT_STOP_LOSS,False
104,2023.04.17 16:45:00,2023.04.17 17:05:00,sell,1.47,1.09137,1.09178,-41.0,-60.27,20.0,SCALP_EXIT_OPPOSITE_PA_REVERSAL,False
106,2023.04.17 18:15:00,2023.04.17 19:45:00,buy,1.93,1.09212,1.09272,60.0,115.80,90.0,SCALP_EXIT_MOMENTUM_STALL,True
108,2023.04.20 15:00:00,2023.04.20 15:15:00,buy,0.94,1.09798,1.09695,-103.0,-96.82,15.0,SCALP_EXIT_STRUCTURE_BREAK,False
110,2023.05.02 10:40:00,2023.05.02 11:05:00,sell,0.89,1.09514,1.09615,-101.0,-89.89,25.0,SCALP_EXIT_STRUCTURE_BREAK,False
112,2023.05.02 15:40:00,2023.05.02 15:52:40,buy,1.04,1.09866,1.09964,98.0,101.92,12.7,SCALP_EXIT_SR_WALL_REACHED,True
114,2023.05.17 14:50:00,2023.05.17 15:45:40,sell,0.75,1.08221,1.08356,-135.0,-101.25,55.7,SCALP_EXIT_STOP_LOSS,False
116,2023.05.24 11:00:00,2023.05.24 11:05:40,sell,1.37,1.0751,1.07584,-74.0,-101.38,5.7,SCALP_EXIT_STOP_LOSS,False
118,2023.05.30 18:05:00,2023.05.30 19:07:40,sell,1.3,1.07141,1.07218,-77.0,-100.10,62.7,SCALP_EXIT_STOP_LOSS,False
120,2023.06.02 15:40:00,2023.06.02 16:49:40,sell,1.34,1.0725,1.07102,148.0,198.32,69.7,SCALP_EXIT_TAKE_PROFIT,True
122,2023.06.05 09:40:00,2023.06.05 09:55:00,buy,0.95,1.06989,1.06927,-62.0,-58.90,15.0,SCALP_EXIT_OPPOSITE_PA_REVERSAL,False
124,2023.06.05 18:50:00,2023.06.05 20:00:00,buy,1.54,1.07145,1.07124,-21.0,-32.34,70.0,SCALP_EXIT_SESSION_END,False
126,2023.06.06 13:45:00,2023.06.06 14:10:00,sell,0.9,1.06742,1.06792,-50.0,-45.00,25.0,SCALP_EXIT_OPPOSITE_PA_REVERSAL,False
128,2023.06.08 12:25:00,2023.06.08 12:31:40,buy,1.38,1.07374,1.07518,144.0,198.72,6.7,SCALP_EXIT_TAKE_PROFIT,False
130,2023.06.09 16:40:00,2023.06.09 17:45:00,sell,1.01,1.0745,1.07502,-52.0,-52.52,65.0,SCALP_EXIT_OPPOSITE_PA_REVERSAL,False
132,2023.06.12 10:35:00,2023.06.12 10:45:00,buy,1.35,1.07826,1.0776,-66.0,-89.10,10.0,SCALP_EXIT_STRUCTURE_BREAK,False
134,2023.06.21 16:20:00,2023.06.21 18:14:40,buy,0.79,1.09579,1.09831,252.0,199.08,114.7,SCALP_EXIT_TAKE_PROFIT,True
136,2023.06.22 08:00:00,2023.06.22 11:30:40,buy,0.73,1.09946,1.0999,44.0,32.12,210.7,SCALP_EXIT_TRAILING_STOP,True
138,2023.06.27 13:25:00,2023.06.27 14:01:40,buy,0.68,1.09707,1.09557,-150.0,-102.00,36.7,SCALP_EXIT_STOP_LOSS,False
140,2023.07.03 16:55:00,2023.07.03 17:54:40,buy,1.09,1.09198,1.09105,-93.0,-101.37,59.7,SCALP_EXIT_STOP_LOSS,False
142,2023.07.05 15:30:00,2023.07.05 16:00:00,sell,1.54,1.08733,1.08673,60.0,92.40,30.0,SCALP_EXIT_MOMENTUM_STALL,True
144,2023.07.07 11:35:00,2023.07.07 12:00:00,buy,0.95,1.08961,1.08874,-87.0,-82.65,25.0,SCALP_EXIT_OPPOSITE_PA_REVERSAL,False
146,2023.07.07 15:35:00,2023.07.07 17:10:00,buy,0.96,1.09519,1.09671,152.0,145.92,95.0,SCALP_EXIT_MOMENTUM_STALL,True
148,2023.07.07 17:55:00,2023.07.07 19:20:00,buy,1.34,1.09718,1.09655,-63.0,-84.42,85.0,SCALP_EXIT_STRUCTURE_BREAK,False
150,2023.07.13 13:35:00,2023.07.13 17:38:40,buy,0.88,1.11863,1.12091,228.0,200.64,243.7,SCALP_EXIT_TAKE_PROFIT,True
152,2023.07.17 18:45:00,2023.07.17 20:00:00,buy,1.53,1.12427,1.12437,10.0,15.30,75.0,SCALP_EXIT_SESSION_END,False
154,2023.07.25 09:15:00,2023.07.25 10:10:00,sell,0.83,1.10605,1.10449,156.0,129.48,55.0,SCALP_EXIT_MOMENTUM_STALL,True
156,2023.07.26 16:20:00,2023.07.26 16:33:40,buy,1.07,1.10816,1.10719,-97.0,-103.79,13.7,SCALP_EXIT_STOP_LOSS,False
158,2023.07.31 16:10:00,2023.07.31 19:50:00,sell,0.59,1.10148,1.09957,191.0,112.69,220.0,SCALP_EXIT_MOMENTUM_STALL,True
160,2023.08.09 15:10:00,2023.08.09 15:52:40,buy,0.85,1.09875,1.09753,-122.0,-103.70,42.7,SCALP_EXIT_STOP_LOSS,False
162,2023.08.10 15:55:00,2023.08.10 16:40:00,sell,0.91,1.10136,1.10191,-55.0,-50.05,45.0,SCALP_EXIT_OPPOSITE_PA_REVERSAL,False
164,2023.08.10 19:20:00,2023.08.10 19:54:40,sell,1.28,1.09867,1.09796,71.0,90.88,34.7,SCALP_EXIT_SR_WALL_REACHED,False
166,2023.08.15 10:45:00,2023.08.15 11:04:40,buy,1.4,1.0937,1.09296,-74.0,-103.60,19.7,SCALP_EXIT_STOP_LOSS,False
168,2023.08.17 13:15:00,2023.08.17 14:01:40,buy,0.57,1.09144,1.08964,-180.0,-102.60,46.7,SCALP_EXIT_STOP_LOSS,False
170,2023.08.22 11:30:00,2023.08.22 11:54:40,sell,1.47,1.08832,1.08901,-69.0,-101.43,24.7,SCALP_EXIT_STOP_LOSS,False
172,2023.08.22 18:05:00,2023.08.22 19:00:00,buy,1.52,1.08538,1.0852,-18.0,-27.36,55.0,SCALP_EXIT_OPPOSITE_PA_REVERSAL,False
174,2023.08.23 16:55:00,2023.08.23 18:17:40,buy,1.43,1.08655,1.08585,-70.0,-100.10,82.7,SCALP_EXIT_STOP_LOSS,False
176,2023.08.24 13:35:00,2023.08.24 13:43:40,sell,1.11,1.08266,1.08355,-89.0,-98.79,8.7,SCALP_EXIT_STOP_LOSS,False
178,2023.08.24 16:50:00,2023.08.24 19:31:40,sell,1.13,1.08217,1.08127,90.0,101.70,161.7,SCALP_EXIT_TRAILING_STOP,True
180,2023.09.01 16:40:00,2023.09.01 17:29:20,sell,1.15,1.07803,1.07889,-86.0,-98.90,49.3,SCALP_EXIT_STOP_LOSS,False
182,2023.09.04 10:10:00,2023.09.04 11:20:00,buy,1.53,1.07965,1.08058,93.0,142.29,70.0,SCALP_EXIT_MOMENTUM_STALL,True
184,2023.09.12 08:50:00,2023.09.12 09:05:00,sell,1.09,1.07172,1.0721,-38.0,-41.42,15.0,SCALP_EXIT_OPPOSITE_PA_REVERSAL,False
186,2023.09.12 16:05:00,2023.09.12 18:00:00,buy,1.1,1.07302,1.07258,-44.0,-48.40,115.0,SCALP_EXIT_OPPOSITE_PA_REVERSAL,False
188,2023.09.14 08:45:00,2023.09.14 09:12:40,sell,1.93,1.07377,1.07362,15.0,28.95,27.7,SCALP_EXIT_TRAILING_STOP,False
190,2023.09.15 11:35:00,2023.09.15 12:10:00,sell,1.37,1.06547,1.0658,-33.0,-45.21,35.0,SCALP_EXIT_OPPOSITE_PA_REVERSAL,False
192,2023.09.19 16:30:00,2023.09.19 17:25:00,sell,1.38,1.06819,1.06887,-68.0,-93.84,55.0,SCALP_EXIT_OPPOSITE_PA_REVERSAL,False
194,2023.09.20 15:10:00,2023.09.20 16:40:00,buy,1.13,1.07209,1.07338,129.0,145.77,90.0,SCALP_EXIT_MOMENTUM_STALL,True
196,2023.09.21 08:30:00,2023.09.21 09:50:00,sell,1.07,1.06573,1.0662,-47.0,-50.29,80.0,SCALP_EXIT_OPPOSITE_PA_REVERSAL,False
198,2023.09.21 15:50:00,2023.09.21 17:00:00,buy,0.7,1.06679,1.06555,-124.0,-86.80,70.0,SCALP_EXIT_OPPOSITE_PA_REVERSAL,False
200,2023.09.26 19:20:00,2023.09.26 19:35:00,sell,1.62,1.05685,1.05692,-7.0,-11.34,15.0,SCALP_EXIT_OPPOSITE_PA_REVERSAL,False
202,2023.09.27 12:00:00,2023.09.27 12:45:00,sell,1.13,1.05394,1.05462,-68.0,-76.84,45.0,SCALP_EXIT_OPPOSITE_PA_REVERSAL,False
204,2023.09.28 14:45:00,2023.09.28 16:03:40,buy,0.62,1.05579,1.05709,130.0,80.60,78.7,SCALP_EXIT_TRAILING_STOP,True
206,2023.09.29 09:15:00,2023.09.29 10:40:00,buy,1.01,1.06103,1.06069,-34.0,-34.34,85.0,SCALP_EXIT_OPPOSITE_PA_REVERSAL,False
208,2023.10.02 16:35:00,2023.10.02 17:16:40,sell,1.11,1.04925,1.05012,-87.0,-96.57,41.7,SCALP_EXIT_STOP_LOSS,False
210,2023.10.03 12:05:00,2023.10.03 13:05:00,sell,0.61,1.04687,1.04724,-37.0,-22.57,60.0,SCALP_EXIT_OPPOSITE_PA_REVERSAL,False
212,2023.10.03 16:45:00,2023.10.03 17:24:20,sell,0.8,1.04633,1.04752,-119.0,-95.20,39.3,SCALP_EXIT_STOP_LOSS,False
214,2023.10.04 08:00:00,2023.10.04 10:33:40,buy,0.54,1.04848,1.05052,204.0,110.16,153.7,SCALP_EXIT_TRAILING_STOP,True
216,2023.10.05 15:35:00,2023.10.05 17:10:00,buy,0.76,1.05296,1.05291,-5.0,-3.80,95.0,SCALP_EXIT_OPPOSITE_PA_REVERSAL,False
218,2023.10.10 15:00:00,2023.10.10 16:18:20,buy,0.84,1.05973,1.06121,148.0,124.32,78.3,SCALP_EXIT_TRAILING_STOP,True
220,2023.10.12 11:15:00,2023.10.12 12:15:00,sell,1.22,1.06159,1.0619,-31.0,-37.82,60.0,SCALP_EXIT_OPPOSITE_PA_REVERSAL,False
222,2023.10.13 15:40:00,2023.10.13 16:08:40,sell,1.44,1.05013,1.0508,-67.0,-96.48,28.7,SCALP_EXIT_STOP_LOSS,False
224,2023.10.17 16:25:00,2023.10.17 16:43:40,buy,0.97,1.05925,1.05827,-98.0,-95.06,18.7,SCALP_EXIT_STOP_LOSS,False
226,2023.10.19 14:25:00,2023.10.19 16:00:20,buy,0.92,1.05738,1.05636,-102.0,-93.84,95.3,SCALP_EXIT_STOP_LOSS,False
228,2023.10.23 09:05:00,2023.10.23 09:46:40,buy,0.82,1.06073,1.0596,-113.0,-92.66,41.7,SCALP_EXIT_STOP_LOSS,False
230,2023.10.25 18:30:00,2023.10.25 20:00:00,sell,1.54,1.05702,1.05682,20.0,30.80,90.0,SCALP_EXIT_SESSION_END,False
232,2023.10.27 10:00:00,2023.10.27 10:25:00,buy,1.25,1.05647,1.05578,-69.0,-86.25,25.0,SCALP_EXIT_STRUCTURE_BREAK,False
234,2023.11.02 13:15:00,2023.11.02 13:18:40,buy,0.88,1.06646,1.06542,-104.0,-91.52,3.7,SCALP_EXIT_STOP_LOSS,False
236,2023.11.08 15:30:00,2023.11.08 16:26:40,buy,0.69,1.06927,1.07056,129.0,89.01,56.7,SCALP_EXIT_TRAILING_STOP,True
238,2023.11.09 15:45:00,2023.11.09 17:32:40,buy,0.84,1.07154,1.07045,-109.0,-91.56,107.7,SCALP_EXIT_STOP_LOSS,False
240,2023.11.16 13:00:00,2023.11.16 13:08:40,sell,1.3,1.08425,1.08495,-70.0,-91.00,8.7,SCALP_EXIT_STOP_LOSS,False
242,2023.11.23 11:00:00,2023.11.23 11:15:00,buy,1.17,1.09194,1.09137,-57.0,-66.69,15.0,SCALP_EXIT_OPPOSITE_PA_REVERSAL,False
244,2023.11.24 15:45:00,2023.11.24 16:35:40,buy,0.91,1.0941,1.09312,-98.0,-89.18,50.7,SCALP_EXIT_STOP_LOSS,False
246,2023.11.27 10:40:00,2023.11.27 11:40:00,buy,1.3,1.09507,1.09473,-34.0,-44.20,60.0,SCALP_EXIT_OPPOSITE_PA_REVERSAL,False
248,2023.11.29 12:55:00,2023.11.29 13:30:20,buy,0.84,1.0988,1.09776,-104.0,-87.36,35.3,SCALP_EXIT_STOP_LOSS,False
250,2023.11.30 15:25:00,2023.11.30 15:39:40,sell,0.8,1.09101,1.09,101.0,80.80,14.7,SCALP_EXIT_SR_WALL_REACHED,False
252,2023.12.08 12:40:00,2023.12.08 12:48:40,sell,1.59,1.07831,1.07758,73.0,116.07,8.7,SCALP_EXIT_SR_WALL_REACHED,False
254,2023.12.12 18:45:00,2023.12.12 19:50:00,buy,0.85,1.0794,1.07888,-52.0,-44.20,65.0,SCALP_EXIT_OPPOSITE_PA_REVERSAL,False
256,2023.12.15 15:40:00,2023.12.15 18:30:00,sell,0.7,1.0912,1.09001,119.0,83.30,170.0,SCALP_EXIT_MOMENTUM_STALL,True
258,2023.12.18 14:10:00,2023.12.18 15:10:00,buy,0.94,1.09264,1.09204,-60.0,-56.40,60.0,SCALP_EXIT_OPPOSITE_PA_REVERSAL,False
260,2023.12.19 08:45:00,2023.12.19 10:01:40,buy,0.98,1.09362,1.09385,23.0,22.54,76.7,SCALP_EXIT_TRAILING_STOP,True
262,2023.12.19 10:50:00,2023.12.19 11:20:00,buy,1.2,1.09404,1.09337,-67.0,-80.40,30.0,SCALP_EXIT_OPPOSITE_PA_REVERSAL,False
264,2023.12.19 16:40:00,2023.12.19 18:20:00,buy,0.78,1.09804,1.09699,-105.0,-81.90,100.0,SCALP_EXIT_STRUCTURE_BREAK,False
266,2023.12.21 12:20:00,2023.12.21 13:30:40,buy,1.0,1.09819,1.09732,-87.0,-87.00,70.7,SCALP_EXIT_STOP_LOSS,False
268,2023.12.27 10:25:00,2023.12.27 12:42:20,buy,0.95,1.10567,1.1057,3.0,2.85,137.3,SCALP_EXIT_TRAILING_STOP,True
270,2023.12.28 18:00:00,2023.12.28 18:02:40,sell,1.46,1.10735,1.10617,118.0,172.28,2.7,SCALP_EXIT_TAKE_PROFIT,False
